3K8CQCU3KE19US5SN890DFPK3SANWR,0.15474284887313844
3Q2T3FD0ON86LCI41NJYV3PN0BW3MV,0.1550896167755127
3ULIZ0H1VA5C32JJMKOTQ8Z4GUS51B,0.15507120490074158
3BFF0DJK8XCEIOT30ZLBPPSRMZQTSD,0.15172010362148286
3QREJ3J433XSBS8QMHAICCR0BQ1LKR,0.20014806985855102
30F94FBDNRKF12C1PDZGZ0IRI9XTB1,0.16913825869560242
3JHB4BPSFK9JLT5CAPRP3PCEA2CQ9R,0.21116152703762053
3Y40HMYLL1I1EIURUEH8TTVLKQ9XUM,0.23149510622024536
30Y6N4AHYPWV0KXTZKLRUB59XBPRDA,0.24924249947071075
38O9DZ0A62NFBR1TA7YCNXN94XN26F,0.220869779586792
3EHIMLB7F7Z6UVNZM7YHUFP2Z9HH8G,0.2165321409702301
3SA4EMRVJV2GPNGKAGT7A9LB24SP0N,0.1765803039073944
334ZEL5JX6FY5WOV4IZCVFM4NP9SOM,0.17244786918163302
39O0SQZVJN7FJBWJ87I5UJVDB0MR7H,0.17400572299957276
34D9ZRXCYRU93SUUUZUUUK2ZYABSAX,0.19224144518375397
3VADEH0UHCXGQW0WJICRKFRUXUFSPD,0.16710947453975677
3ZICQFRS31I75COG1J4176QBUACZZ4,0.19667545855045318
37PGLWGSJT6QLR0K1ED5KWZ8UOYKI7,0.20556468665599822
3AC6MFV69KILEROMVXYU7ZM6YKVZHE,0.191555392742157
30U1YOGZGAW71ZX6E9LWKLA5JBCSDZ,0.16198444962501526
3D17ECOUOEV9PNWF8100BB1K20131N,0.16578351855278015
3EKTG13IZU3N1G8T7TNYRPJ40XMMLR,0.21394078135490419
3P4ZBJFX2V3X60SBPKQN5AGB13KWFT,0.20591648519039155
3ZTE0JGGCESIYFZZ7W9CGAIM1OOCOH,0.20572667419910431
3QI9WAYOGQB8GQIR4MDIEF0D2RFS61,0.21205695271492003
3MJ9GGZYO36GYTDW0KFO32PV0G7A27,0.2083166539669037
3K2CEDRACB1BKTGYG2PPDGTLUAEMT0,0.21030648052692413
33NOQL7T9OZSLGNTST4OUMT7VZYZ8O,0.2031427025794983
3RSBJ6YZECQP1RJ9YYZDOG3PYZ8OFS,0.20569350719451904
3P458N04Q1HSU6LPBU72NA0T11LX23,0.18899718523025513
329E6HTMSW2BVOI1GB6IGQXJB613KQ,0.19187932312488556
3TLFH2L6Y9OLDPC56K65Y7FNO5S2TK,0.20029427111148834
367O8HRHKG8U13EDLYK3HHGZ609S4G,0.18504371047019957
371QPA24C2OEO4U9NG6RTO5IWZK1T8,0.1797511398792267
3BJKPTD2QCC2H9TQLAL6ZFNV0X7RTN,0.18089499771595002
33Q5P9PUSPMUXJD695KTW8PQLSRCZJ,0.1830661714076996
371Q3BEXDH9A40226RATBDT87VCZSZ,0.18485344350337982
368IUKXGA58B3Y2ZC59OJAV2F596PW,0.17981794774532317
3126F2F5F83FGDVEINSMVYNFW5WPE3,0.2146311432123184
3M93N4X8HKNK4LXYO577NJ5IOV9SJD,0.1824885219335556
3DGDV62G7O9NLXJYP3XLTXEQZ0H2PL,0.16050001382827758
368IUKXGA58B3Y2ZC59OJAV2F7EP6O,0.19908563494682313
3DFYDSXB2W00JYP2DA272KN69UQUJV,0.20309371054172515
3T8DUCXY0N6WD9X4RTLK8UN1UB7T98,0.17399236857891082
3MIVREZQVHY32PO3EMIETYQULYFKQA,0.1732485145330429
3PIOQ99R7YMW2OGNS8UZVR4NIEVUNZ,0.18393968045711517
3YZ7A3YHR5TCXMIDZ33DM9MD6UF5S5,0.17805805802345276
3DGDV62G7O9NLXJYP3XLTXEQZ2CP27,0.17453934252262115
31SIZS5W59FPPT1Y46RBUAC8GO1QRX,0.15631725490093232
3TC2K6WK9G22F5KH3MVA7BJ0ASD281,0.22063856422901154
3RQVKZ7ZRKJYFRFYTH34TBN5Z61274,0.1704479157924652
3NQUW096N688UWPZIKJTM3DK0W49L0,0.17782879769802093
32XN26MTXZJQY21MIO00TSCRXUM0LV,0.16718703210353852
30Y6N4AHYPWV0KXTZKLRUB59X97RDO,0.16542044878005982
375VSR8FVW9Y3L2PR2AOL3OCLTTRZ3,0.2073909193277359
31KSVEGZ34SU9QXKGFQHMZUU4PDWR2,0.2106554090976715
39TX062QX1OHFOH8FUL76K5L7D3X3S,0.20162145495414735
3T6EIBTM9LO53W80DZ839K8TC2NAAY,0.2143367201089859
37MQ8Z1JQEWHUBBZGQT46O7235K2YF,0.2314591109752655
3ZLW647WALVGE8EBR50EGUBPU6F233,0.18141123950481414
3DTJ4WT8BDF9UHXK5WQOMWPT62RZEI,0.16460768580436708
3LB1BGHFL2WBEA5CZ5D07BGS3KSYT2,0.1605464845895767
31YWE12TE0CZG7IVH6OXJ1H1CH1X7D,0.15710864961147308
3R5LWXWHR08I90TWA9SRPEUUBIKXGC,0.18470208942890168
3O2Y2UIUCQU6B0YU067KHZMGEW6KFG,0.17639755308628083
3UOMW19E6D6WQ5TH2HDD74IVKRJ5C1,0.17056032717227937
3GMLHYZ0LEXQENK1ZA3AC72UMWHUY3,0.15429921448230743
3T2EL38U0MK9MPNAD5X3JSYWH7TQX4,0.15886686146259307
3IH9TRB0FBZOFQEYT47NFH39LIY1IL,0.17370117902755738
3R868ACW4SC7EVTBBRGCMZA5JKOGZ2,0.18283644318580627
3EQPA8A374WH5XJCJX1FJC2LBC5JZ9,0.177978977560997
3QHITW7OYO9XQCFH2V5PZKNYGMLQA1,0.17116606235504148
3Z56AA6EK405IV5MKPHW2617A2XM6J,0.16206710636615754
3CVDZS288H011OYXLIK0WCEK310MFM,0.1833268940448761
337F8MIIMZDU0UU1CW1J7BAGB8R406,0.18577784299850464
3PZDSVZ3J5HXLQM8D23HIN6TJZ24ND,0.2590471595525742
3LG268AV3860SQBTVFWB0TNUXNQERQ,0.2331041067838669
30U1YOGZGAW71ZX6E9LWKLA5JD2SDT,0.1749454915523529
3ABAOCJ4R84YSDO6ZYVU8BIYA3FMQM,0.16722874939441681
3Y3CZJSZ9KT0W7I0KE38WZHHKURR52,0.20412611067295075
3SMIWMMK615MPIP1K9LMRAHEBOMWUB,0.20790632963180541
3X878VYTIEIIGLRAHCIBDUHU8A6F71,0.2004040539264679
3MG8450X2OAW59S08N7RZG9IITQUPP,0.202873694896698
3P7RGTLO6EDBF9HMPQLS3YBPHESKAY,0.19261192977428437
3OB6JN3A9QPY4E36CDKUD1S36PBRMM,0.2016056150197983
30P8I9JKOILSPEZHTY8IXW6K50Z5V4,0.19021670818328856
3PA41K45VN4U7YG4VFEGPOVYAGGP71,0.20683636963367463
35O6H0UNLSGJYJZNC9UZU8VQAB25JP,0.16070955395698547
3J9L0X0VDFMO5Q1YMYQVVEU0Y5K9W9,0.15996790826320648
3S1L4CQSFX50ZNP8OFUVNLJK9I4FAK,0.16181161105632783
3S8A4GJRD33O8IZVYHINP2KK1TY6V5,0.19128214716911315
3D5G8J4N5A4UAGA7UUQG0CCYL1DTV7,0.15844350159168244
3XU9MCX6VOC8XAZD2V1AYSE50KUR2V,0.16034366190433502
379OL9DBSSESUVWY1Z8JGBFG9B89YS,0.16471413373947144
3OKP4QVBP2X6DNL3ZZ0D56JWAZCAGQ,0.18138400018215178
3P888QFVX3UMSG9ICEA70F7353UOQ3,0.22133392691612244
3T2HW4QDUV7FRSVT57QUJKNX6P2C93,0.18201657235622407
37Y5RYYI0P5LZ52N59M8ESDXZTEXSW,0.1916416347026825
3FCO4VKOZ4DQA7REM1Y5VCWUWBWE7R,0.22338199317455293
3NSCTNUR2ZN8XQWJI3HM19S7KOMA5S,0.18669661581516267
3A9LA2FRWSEW9WO7UFA9AE6VQKYHX0,0.1929377406835556
3HYV4299H0WUALWXW6QB9CSP7VX8E3,0.14997166395187378
3RIHDBQ1NEYLFKP3G880ZXQXJE6HM4,0.14888528287410735
3EAWOID6MTXTU7DGWS26G1ATOSNV08,0.14625931680202484
3YLPJ8OXX8D2XK0CF8QQGPXRLD04XL,0.18209779858589173
3SBNLSTU6U542BJK91F4GE786QQZDP,0.18491408824920655
3L2OEKSTW9ASGQDOW725GFK5P71Y87,0.20837143063545227
3QGTX7BCHP29YY4RUVXLI2JGTBAZ53,0.24134208559989928
31YWE12TE0CZG7IVH6OXJ1H1CFPX7X,0.19645315408706665
3T6SSHJUZFAZFWAW1BST7GKV2K9IIU,0.23975386321544648
3D0LPO3EABZV1I043OR1D1A54ATOYK,0.2370171308517456
3NQUW096N688UWPZIKJTM3DK0YGL9S,0.17680789828300475
3X7837UUADYFHNZ1HS44ME9Q688J6I,0.19132833182811737
3G5RUKN2EC3YIWSKUXZ8ZVH95RG9NE,0.17106241285800933
3K2CEDRACB1BKTGYG2PPDGTLU88MTQ,0.17543320953845978
3OJX0UFJ0Z7BDMCTRYBUDQ93DP99UA,0.24355339407920837
3VGET1QSZ0ZKR7D571SBHI3U3D67W1,0.2317431539297104
3TLFH2L6Y9OLDPC56K65Y7FNO322TQ,0.22981485724449158
3LN50BUKPVBTMJ56Z9FQ8TDZ523LPS,0.22831334471702575
3WKGUBL7SZM7XQJN1PN25V24E4BL41,0.23522769510746003
3K8CQCU3KE19US5SN890DFPK3U6WN0,0.2495574951171875
3NKW03WTLM7UXPIK301HH9KP85NQWB,0.2734524667263031
324N5FAHSXBV7XKK0LCOZLP22QUKV4,0.25170346200466154
36MUZ9VAE626RGSODE1RV46QIMZEDK,0.21757420301437377
3ABAOCJ4R84YSDO6ZYVU8BIYA39MQG,0.21243806779384614
3FW4EL5A3LORTQISN5M9XK6XOQ322C,0.3105218231678009
3YOAVL4CA0HR2F0RGQEBDAD2TDA4ZU,0.16602821350097657
3D06DR5225J65XHPA2Y8IB3T6LNMA9,0.16307615041732787
3DZKABX2ZI5DOZ8W88VQB2CUXHLCVJ,0.2407086730003357
302OLP89DZ7TWB5YXD4UFFYHC7KCAI,0.16686025261878967
3GMLHYZ0LEXQENK1ZA3AC72UMWMYUC,0.17119343876838683
3LOJFQ4BOXF9DGKY90CUTZJV2JQDKY,0.1725220650434494
3566S7OX5DJRQ6X2AD3QOSD072N17Q,0.2114038348197937
3J6BHNX0U9SIZSBBYUQXP4VPGNSKNN,0.313954108953476
3J5XXLQDHMBPBZCDFFKPIZ80R2HV39,0.25165889263153074
3RWB1RTQDJNY7CLN5K6M3ORTL2YP84,0.18529932796955112
35U0MRQMUJ7EXO5ZYD4H626BMTROVB,0.2636247009038925
3S8A4GJRD33O8IZVYHINP2KK1TA6VH,0.20982153415679933
3Y7LTZE0YTMQJDU6VW5TQEBWSS3ZUL,0.270555779337883
3P520RYKCH6SCZAHO8YD1A41RTPU53,0.3446256995201111
3G3AJKPCXLSRXPQMK4CSZ340NJFY46,0.2297754168510437
3GS542CVJVNUS7MEQX3M5EHNE6G59K,0.18180646896362304
3UY4PIS8QRLGTRPPQKKFKPZQ7FG1NL,0.32347320914268496
3BFNCI9LYKQN09BHXHH9CLSX5M137K,0.3231192886829376
32FESTC2NHQDBKJW3ILLFGABJACCUU,0.30253486931324003
3K1H3NEY7LZ4BUOFJ9RFV7R2V29GDY,0.317845755815506
388CL5C1RJN1927IGW7LZKB8J9XLHN,0.31156315803527834
31N9JPQXIPIRX2A3S9N0CCFXO6OHNG,0.3139371693134308
3UDTAB6HH6ZVX00DTRXAOJLWX0509Y,0.31383613049983977
3BC9H1KCYUC36R96UAIBUVNR7E4YWM,0.1909777343273163
3BA7SXOG1JQJJP12ICAB8JR8MKSR84,0.2616712361574173
3VADEH0UHCXGQW0WJICRKFRUXWBPSA,0.2279506057500839
31SIZS5W59FPPT1Y46RBUAC8GQ9QR9,0.2421954095363617
3R16PJFTS3RWDK15GPB1QVPPP4WK4N,0.2612879306077957
32CAVSKPCEPTOH9YNLW1YKRKFDQU1R,0.26313919126987456
3R868ACW4SC7EVTBBRGCMZA5JI6ZGZ,0.26102700233459475
3JU8CV4BRLC1S483C1VI0AHT078POD,0.25518938601017
3QXFBUZ4ZKGQSWZ154H457VQH29UGR,0.3275120794773102
32TZXEA1OLKU7JFJ8F5JLGTQG0X146,0.31530423164367677
3TZ0XG8CBUKDFP5GOVAPHYREGYH89T,0.31058483719825747
3JUDR1D0D6R8L9KDPGCAT2404YTQ2U,0.30917068719863894
3NSM4HLQNRUPDSMYRR2BPK23K2GQQD,0.36295067667961123
36D1BWBEHN1H0UMLXN5TCTKVUV62MP,0.20296406745910645
3FO95NVK5C0129GBWAGGPAR9YCHRSI,0.19652275443077089
36JW4WBR06KF9AXMUL4N476OMF2FH7,0.23946111798286437
3VGET1QSZ0ZKR7D571SBHI3U3FW7WV,0.39701205492019653
3MJ9GGZYO36GYTDW0KFO32PV0EV2AJ,0.27956647872924806
3Q7TKIAPOTAKXM2GU0OV8ZWARJVLD9,0.26555278301239016
3DZKABX2ZI5DOZ8W88VQB2CUXFUVC7,0.24792110919952393
3W0XM68YZPVFLL4MT7SZSXIMDKMK1A,0.28410684764385224
3TL87MO8CMPHV6GCL6JLWZZV3WBFLE,0.2772796928882599
3FBEFUUYRK54GUWXNMRRTF67GL96AK,0.20452990829944612
37S0QRNUFBGD1KM6J34BH2W3WSZ884,0.21198057532310485
334ZEL5JX6FY5WOV4IZCVFM4NRFSOW,0.18091755211353303
31SIZS5W59FPPT1Y46RBUAC8GOWRQT,0.3782346725463867
3OID399FXG7YXUSK8PLXDMRQUN9FDY,0.40459831357002257
3TUOHPJXYHXE6MJWPEW9BHGI56YWXY,0.3847526848316193
3UYRNV2KITZY4R9AP5TUZZMYLLXN82,0.3699180781841278
38LRF35D5LWPYKNDAPAKMD6HDXYU3D,0.400101774930954
35XW21VSVGEQZBLYRQJK3YIASMALS8,0.31502059996128084
3H5TOKO3D9JPE5GGELH0GCK7OBD649,0.2997323632240295
338GLSUI43B4ZJB25FGM8LDQVQOSFA,0.35081018805503844
30IRMPJWDZJ3EQ33R17EYO0ZHKMKRG,0.20585302412509918
3QXFBUZ4ZKGQSWZ154H457VQH23UGL,0.2115030199289322
31HLTCK4BLVQ5BO1AUR91TX9V9CGVW,0.26629720330238343
31SIZS5W59FPPT1Y46RBUAC8GQ8RQ9,0.23122818768024445
3SZYX62S5G0QEOYLB052RIQHJIS57C,0.21993106305599214
3RTFSSG7T86J6S27BVTL0NLVYXTLW6,0.30654537975788115
3THR0FZ95PTB1JT5K92BJT89VX2LO6,0.3378452628850937
3R16PJFTS3RWDK15GPB1QVPPP6X4KC,0.3386566400527954
30Z7M1Q8UYKRK8FLG1OPDT2YMGZA8A,0.3538749158382416
3H4IKZHALBIJ7YWEV7IDHWCTAG6NN0,0.326556470990181
308KJXFUJR6AIS79JZZK4PYL0TKATZ,0.31245696544647217
3ZXNP4Z39RL4GD163NL987ME56G7LM,0.26746741533279417
359AP8GAGGKBD970QASA5OWRBX27C6,0.34781829714775087
3UEBBGULPFOKEW36UKBMNMVEGLRUF6,0.18158017992973327
3VI0PC2ZAYK61DAUYS5ZUN3W24LXO9,0.2605784833431244
3LN3BXKGC0V3K0O604W5NVGN2G7WGB,0.2864691436290741
3SA4EMRVJV2GPNGKAGT7A9LB24N0PT,0.2649263560771942
3XAOZ9UYRZR1WO2H6CCWOJUVCSFQ1D,0.211772421002388
3QGTX7BCHP29YY4RUVXLI2JGTB4Z5X,0.3044893205165863
3MA5N0ATTCB8MMKPQVHKLN8G9ZVWKP,0.29591419398784635
32CXT5U14G3BZHTJM65GDUESTJQU85,0.3474736750125885
3MG8450X2OAW59S08N7RZG9IIRQUPL,0.3555053174495697
329E6HTMSW2BVOI1GB6IGQXJB4TK3V,0.2935877501964569
3UAU495MIISEK9GZTNUCAG4S8OUUO8,0.29120460748672483
3ABAOCJ4R84YSDO6ZYVU8BIYA39QMK,0.3402455002069473
3R5OYNIC2C9H5WDB8IHHUKNGZFJTPX,0.3766672432422638
351S7I5UG9WNO85TG9QLOPVC1YXJNS,0.3052248179912567
3TRB893CSJAOULN5SWOTVFH69PU7GG,0.2926130175590515
3UV0D2KX1MJLXY9RFEK4AIXKHAGF4L,0.37581971287727356
3NQUW096N688UWPZIKJTM3DK0YG9LG,0.3845695674419403
3PZDSVZ3J5HXLQM8D23HIN6TJ124NH,0.40864792466163635
3IKMEYR0LWVMA6MICBSDXGSR5Q0K2R,0.34698004424571993
32TMVRKDGNYCIJZ470EY0QGYU6348T,0.3339343458414078
3CMV9YRYP31X08284WA6BXRNW3XJLQ,0.3245767474174499
3CZH926SICETRK9VK30YS0CK57P4EC,0.2977194428443909
3CVBMEMMXBG2UHIGC26BGFT7ORJ7HV,0.24203822016716003
3ICOHX7ENCBCSWRU12DWGXM7OVV0EE,0.28245041370391843
3YLTXLH3DF6R0NMG8O0SG1KSOLPHPC,0.286027130484581
3NRZ1LDP7W6DR8MAEA6ZG8OXK95ZPF,0.22268805503845215
3BCRDCM0ODUAS75JZD4GNT93LVVK61,0.2311378985643387
30EMX9PEVKJFF53G6Q7JOY5V3M5KS4,0.21994470953941345
3CIS7GGG65JS8I3AZ9RG54AE4MUUEA,0.22775618731975555
3OB6JN3A9QPY4E36CDKUD1S36PHRMS,0.39580304026603697
378G7J1SJLY50MSFU96HNSVBP25WEB,0.3982557475566864
30P8I9JKOILSPEZHTY8IXW6K5YYV5P,0.273983034491539
3R0WOCG21M9NGCPA3EGWZMST4ATUDH,0.3665472388267517
32204AGAABCLNATH55A5MS60NSUHGW,0.24746741652488707
3TLFH2L6Y9OLDPC56K65Y7FNO5RT2A,0.28397404551506045
362E9TQF2HQLJ541BNSQM47FN7HIG2,0.29983800947666167
37VHPF5VYC3FDNCJ0FKGJOSMMJPC8J,0.3431000471115112
3MIVREZQVHY32PO3EMIETYQULWOQKL,0.3593070864677429
3P0I4CQYVY7RCD54ON9DS4PPT2YWOY,0.3439084529876709
3EN4YVUOUCSS02JXIFDUMRMA3C1JX6,0.35997591018676756
388FBO7JZRTDJX0S29ROYCA0E26NYQ,0.3201226532459259
3YLTXLH3DF6R0NMG8O0SG1KSOLUPHP,0.36517542600631714
3NSCTNUR2ZN8XQWJI3HM19S7KQYA58,0.41590853929519656
38XPGNCKHT0ATVVHFTP8S40652DV4U,0.36118019223213194
3QI9WAYOGQB8GQIR4MDIEF0D2P46S0,0.22361584305763244
3R6RZGK0XFCQR29140DF8T4D03VYV1,0.30948951840400696
3RIHDBQ1NEYLFKP3G880ZXQXJGEHMG,0.3979284167289734
379OL9DBSSESUVWY1Z8JGBFG9BTY92,0.4277209997177124
3OCZWXS7ZO7PT9NNFU6CAN8IE2X5LL,0.4982707440853119
3Y7LTZE0YTMQJDU6VW5TQEBWSQLUZU,0.5329391479492187
3AA88CN98P3CBRFP5WZ86KTWK7VYKQ,0.5237669289112091
3HXCEECSQMT70MEB5X2ITZH9OEWYZW,0.5192544519901275
3P520RYKCH6SCZAHO8YD1A41RTVU59,0.4030116260051727
31SIZS5W59FPPT1Y46RBUAC8GQ8QR8,0.32331318855285646
3421H3BM9AH2Z61ZFZ7G6O0SW9B9JE,0.44872105717658994
38VTL6WC4AD9T8UMY9V24VAENH15YD,0.4784375250339508
322ZSN9Z5GKVG3RSAYPTRMCL8HO4TE,0.31761088967323303
3QO7EE372ON29MK9895LUV74Y2FQB1,0.2851693660020828
3FCO4VKOZ4DQA7REM1Y5VCWUWBR7EF,0.5366601347923279
3ZQX1VYFTD5GMC9MQKT7EOM3BX38O7,0.2991432547569275
3P4C70TRMRHN96C7WQP3EKZ74BGGLJ,0.49595971703529357
3XD2A6FGFNUVY9KP2TGUYPRFSSNS9C,0.5153939902782441
33N1S8XHHMLAAG38T8V9FC6ZHV61ZO,0.4345806479454041
373L46LKP76MG2KQJWY5WXE873SKJO,0.46655952334403994
33N1S8XHHMLAAG38T8V9FC6ZHTT1Z7,0.49261093735694883
3VZYA8PITOYCWDY1Q1KTC3GUB4M50C,0.5327863156795501
3OND0WXMHWFN3WXQZAKHMPLOAESHEW,0.3729952871799469
3X2YVV51PU46GLY3ILB2G8CH0RK1WC,0.3846196413040161
375VSR8FVW9Y3L2PR2AOL3OCLRTZR7,0.3691571235656738
3TZDZ3Y0JS6V4PLVPA1A2O462SB91A,0.4593579173088074
3D06DR5225J65XHPA2Y8IB3T6LOAMY,0.5154138147830963
3BJKPTD2QCC2H9TQLAL6ZFNV0XDTRV,0.4582029521465302
3THR0FZ95PTB1JT5K92BJT89VX7LOB,0.38686787486076357
3DWNFENNE3V120VNY4BPPGPCAHX4JD,0.3506243824958801
3LCXHSGDLT6CT5B6A4WGQ3SQJNDSES,0.3552673399448395
391FPZIE4CM4SSUCPAZMQ77RW04UH4,0.2942019373178482
3WJGKMRWVI9RUI8AHNVW5G6NXAHCDK,0.36373319029808043
32K26U12DNONTREA84Q1V8UCIHXDVK,0.4788940787315369
3MWOYZD5WVO1PJWQWMIQWLCY0QUONZ,0.22666146457195283
341YLJU21IZV4BWUC871K0DEDM4I27,0.3940737426280975
3WKGUBL7SZM7XQJN1PN25V24E424LB,0.40471085608005525
31YWE12TE0CZG7IVH6OXJ1H1CF1X79,0.402550482749939
3MG8450X2OAW59S08N7RZG9IITWPUQ,0.4506512999534607
3P6ENY9P79WZJ1ZCVTA874JG27ZHI5,0.46779942512512207
3JTPR5MTZSCE9355UUUBVNV3P2S5KI,0.4851130425930023
366FYU4PTGPE5MYY5VNEZH1G2VWKE3,0.47111849784851073
386659BNTLHD8VXIPEIH9D3DZOH01P,0.446221125125885
3VGZ74AYTGGU62I1JDW4B19KA2XGCY,0.5335112094879151
31KSVEGZ34SU9QXKGFQHMZUU4REWR7,0.2058124363422394
3K1H3NEY7LZ4BUOFJ9RFV7R2V2XGDM,0.20170693695545197
34OWYT6U3WH64VHTXHMGUNLSJUB9IR,0.19747239351272583
37SQU136V7ODFKI0LXMHNIMN4G711D,0.19774466753005981
30EMX9PEVKJFF53G6Q7JOY5V3MJKSI,0.20240375399589539
30Y6N4AHYPWV0KXTZKLRUB59XB3DRA,0.18064618706703187
37VHPF5VYC3FDNCJ0FKGJOSMMJ3C8X,0.16872813701629638
3BC9H1KCYUC36R96UAIBUVNR7ENWY3,0.17579412162303926
32ZCLEW0BZKNRTH6WO3DSE071DCPJ8,0.16924993097782134
3CVBMEMMXBG2UHIGC26BGFT7OR7H7T,0.165835377573967
39HYCOOPKOL434K1UCPA8CBZRO4DMM,0.16908845603466033
31S7M7DAGGQREBYDGQOAD3EWU60TLJ,0.18196714520454407
3W3RSPVVGSR6EOD2GVEKIZ0YDK7ULB,0.1745983213186264
3ZZAYRN1I6RZKW1ATI425KIQPA7TO0,0.16908845603466033
3HJ1EVZS2OJXISVW6VFFH2JX6YE3R2,0.1933725208044052
3KTCJ4SCVG1AB94PEJ5F7AAQ2R11MK,0.1899051159620285
3E9VAUV7BWE6ZE63T5MJC6Q0FVLYAV,0.2396891623735428
37OPIVELUU3KDJGEJ5IVQ6VXPZ8AH8,0.1821858286857605
329E6HTMSW2BVOI1GB6IGQXJB7I3K9,0.17038280367851258
3RWB1RTQDJNY7CLN5K6M3ORTL2NP8T,0.17794657349586487
3ZLW647WALVGE8EBR50EGUBPU6Y23M,0.17608980238437652
307L9TDWJYSC3U34DOYY8IEN52NN3Y,0.18016550838947296
3B0MCRZMBRUJD4K4R18XPAMJACNPPD,0.1865246534347534
3N5YJ55YXG3CNF2PM3D8VQSTBCFANH,0.18816969394683838
3ICOHX7ENCBCSWRU12DWGXM7OY2E05,0.19041602611541747
3L55D8AUFAXUST31DJIAI1GOFY6CYB,0.186886203289032
3D7VY91L65XBO7MHGGY4DMNZO4QBMD,0.19498230516910553
3CESM1J3EI31N7Z0ORNJB43Y84V6WE,0.17777744233608245
38XPGNCKHT0ATVVHFTP8S40654T4VN,0.1755010187625885
37G6BXQPLQL0GPWTI07BV3DP112QEF,0.21281717121601104
3ATYLI1PRT256T55HOQY3EVHR8GJOL,0.18779643774032592
3OJX0UFJ0Z7BDMCTRYBUDQ93DPRU9D,0.1748248428106308
3SSN80MU8CONBMPF00D6N6MNI1LKXQ,0.24690235555171966
3ICOHX7ENCBCSWRU12DWGXM7OX50ES,0.1965478003025055
3LG268AV3860SQBTVFWB0TNUXN4ER4,0.20219146609306335
3MGHRFQY2LPAY18L13PQN0EN69F0YC,0.2068466454744339
3UOMW19E6D6WQ5TH2HDD74IVKT25CO,0.19742015302181243
3W0KKJIARR9XWLO7SS1E775URT9K8H,0.1940060257911682
3XD2A6FGFNUVY9KP2TGUYPRFSS7S9W,0.19007408022880554
31GN6YMHLPS6A5XXV4QMC9ZQQTSSWM,0.1791090488433838
3421H3BM9AH2Z61ZFZ7G6O0SW9U9JX,0.1719159424304962
3KWGG5KP6J2UYCENUGUZO6TH6OSCML,0.16257224678993226
3R15W654VDTEMV6LZMUF8Y39AY3LQX,0.17172037065029144
35O6H0UNLSGJYJZNC9UZU8VQADBJ5G,0.19642865657806396
3YCT0L9OMM9GNBOJ33ZZGQMZXIMNSQ,0.1757173329591751
3UZUVSO3P7V9VAY1Q70UEUTKR05MEO,0.18170208036899566
3R16PJFTS3RWDK15GPB1QVPPP6M4K1,0.19443089962005616
37VUR2VJ6APX2NSY1UB14E5E8DXC1D,0.17935938537120819
3XEIP58NL0NN0N7CMIDSZRFDF1TZLA,0.20809005498886107
34F34TZU7WZRZMG0UQS1W1SEQ3Q2J4,0.16804156303405762
3L1EFR8WWT5MU4F3W9GVRQ8032D9FU,0.18368329405784606
35F6NGNVM8JSZQ9BCWN0UYWVZL37TU,0.21365211009979249
3CKVGCS3PG5D2FWC2XX15EQMPOIS0P,0.1924607962369919
3VGZ74AYTGGU62I1JDW4B19KA2GCGD,0.20094563961029052
366FYU4PTGPE5MYY5VNEZH1G2VAEKB,0.19750145077705383
3MIVREZQVHY32PO3EMIETYQULY3QK4,0.19584644734859466
34O39PNDK682LNZ9LOULZLH9UQWRBM,0.17703191339969634
382GHPVPHSRQHMTYVJJ2998NEK043Q,0.20801370739936828
3IYI9285WS04X482RJH78E102U2JCT,0.20229390263557434
3SBNLSTU6U542BJK91F4GE786SMDZ3,0.22421235144138335
3AJA9FLWSCYF558603M84J73MTYFIJ,0.22521307468414306
33J5JKFMK6YX6RGWTGQFCC9SACHQ3T,0.23561898171901702
36FFXPMST9O9FNAFTONDR1F2EGCOHL,0.2509662866592407
3HEADTGN2PSHU1XFQ5LL0XBGXJ5VRR,0.23876805305480958
33NOQL7T9OZSLGNTST4OUMT7V1UZ8O,0.22589724361896515
3MDWE879UH2WHN3NR7UZ80HFO4QB9J,0.21066692769527434
36D1BWBEHN1H0UMLXN5TCTKVUXL2M8,0.19940799474716187
3MG8450X2OAW59S08N7RZG9IITFUPE,0.1701940894126892
3XABXM4AJ15J7OM25XLB3TH3QY48QY,0.1731182187795639
31YWE12TE0CZG7IVH6OXJ1H1CHKX7W,0.1725162535905838
32TZXEA1OLKU7JFJ8F5JLGTQG0M14V,0.1693379133939743
3H5TOKO3D9JPE5GGELH0GCK7OBW64S,0.18235687017440796
37Y5RYYI0P5LZ52N59M8ESDXZV3XSP,0.215374094247818
3KLL7H3EGD1457JCU09RMT9AA99HVG,0.19894351363182067
3PMR2DOWOO1TV1G2927VO667SGR45G,0.16846277713775634
3QTFNPMJC6IDONAXYVT7CJJ2KWTNZ0,0.1797702819108963
37J05LC5AXJE2WEGRFCISKJINV7DJI,0.18437018692493437
3OB6JN3A9QPY4E36CDKUD1S36P0MR6,0.26264742612838743
37Y5RYYI0P5LZ52N59M8ESDXZVYSXF,0.2734970718622208
3IWA71V4TIGGC74QYWJ5DNH5H676XD,0.19694579839706422
3VGET1QSZ0ZKR7D571SBHI3U3GDW73,0.18634095788002014
37SOB9Z0SSXMFU0J1BIJVQAY07NL3U,0.22262584269046784
3SNR5F7R92TNZR8A5S22M1M3ARQIE9,0.18545348942279816
32LAQ1JNT9PUX1L7P4GB4QAF7XSUTD,0.1954233705997467
3CESM1J3EI31N7Z0ORNJB43Y840W69,0.18139164447784423
3KVQ0UJWPXL543ZMJ8DEJYPYC9K5WX,0.19331373870372773
36U4VBVNQODHHM8FLFBG4B9XJB3RU3,0.1867731124162674
3PMR2DOWOO1TV1G2927VO667SGR54H,0.18399125933647156
3LN3BXKGC0V3K0O604W5NVGN2I3GWV,0.20253839194774628
3X52SWXE0X5Q3O81YI0MX4V84QBWC1,0.17854070663452148
3TLFH2L6Y9OLDPC56K65Y7FNO5H2T9,0.1830408900976181
30F94FBDNRKF12C1PDZGZ0IRIBOTBW,0.21660418212413787
37VUR2VJ6APX2NSY1UB14E5E8D3C1J,0.18170929849147796
3X0EMNLXEPPWIOH0DDHWV2B1W0OVP4,0.18047824800014495
3LN3BXKGC0V3K0O604W5NVGN2I3WGB,0.21012649238109588
3G3AJKPCXLSRXPQMK4CSZ340NLP4YQ,0.19145550429821015
3VAOOVPI3ZS3VYQ87HMJRC4F0SLLLD,0.1869208723306656
32CAVSKPCEPTOH9YNLW1YKRKFDA1UI,0.18702496886253356
3KWGG5KP6J2UYCENUGUZO6TH6OXMC0,0.2838099658489227
30QQTY5GMKK7Z3O0C1DAZUIXI02U72,0.1926649570465088
3XT3KXP24ZYJMCFVZAJ4ADUQTTX6I7,0.21986345946788793
3K3G488TR280K6307ZE8R97CO91Q5E,0.2164325386285782
3M47JKRKCX1QX63IQO7DXO0CQXX684,0.24845150709152222
3OCZWXS7ZO7PT9NNFU6CAN8IE2G5L4,0.23753560185432435
3HJ1EVZS2OJXISVW6VFFH2JX6YK3R8,0.24701282978057862
32K26U12DNONTREA84Q1V8UCIIEDV3,0.24966942965984346
3XAOZ9UYRZR1WO2H6CCWOJUVCTW1Q7,0.2940590262413025
3L2OEKSTW9ASGQDOW725GFK5P7LY8R,0.27582114934921265
39TX062QX1OHFOH8FUL76K5L7GWX3R,0.26182372570037843
3R868ACW4SC7EVTBBRGCMZA5JLZZGY,0.2625255972146988
3XWUWJ18TLQ9XE0WP96L9MWHQA2UU5,0.21763215065002442
3RBI0I35XE36FT7IKQ79PYCU9LT3Y4,0.16554380357265472
38RHULDV9YFHGRU1QSW887T3HVVIWP,0.21370408535003663
3KLL7H3EGD1457JCU09RMT9AA9FHVM,0.26428793370723724
33KGGVH24UHL5L3TSQ7OIRQO9VL1X4,0.3115476071834564
30EV7DWJTVV5CCU03S57W1OEJC0Y6A,0.25657459795475007
3SU800BH86SH5LTF80MGZLZSNPWUQ0,0.260938486456871
3538U0YQ1FU0F2QNF0FL0D5E3A3F3J,0.2889600932598114
3SCKNODZ0XGU4D4RF01OLZQ3A3H7NT,0.18857612013816832
3TZ0XG8CBUKDFP5GOVAPHYREGY698J,0.23129544258117676
3XUY87HIVPE77YQE75ODR2YT02WMMD,0.22317851483821868
3E9VAUV7BWE6ZE63T5MJC6Q0FWJAY7,0.24175650179386138
3MDWE879UH2WHN3NR7UZ80HFO4L9BC,0.3413412570953369
3IHWR4LC7DD6QQYJSPG2URQHZPLI85,0.3231451749801636
3SV8KD29L4SCGHPU1I1RKR2YQ2GZK1,0.3226316154003143
36QZ6V1589DTI18S04BLULET5EEUSO,0.2108054369688034
3E22YV8GG16JAJ8RBMV5LLHOAXMPNH,0.16906570196151732
3KG2UQJ0MJO4AV96BZAULQ7YFT8NQ6,0.1739172637462616
3EN4YVUOUCSS02JXIFDUMRMA3CQJXV,0.17734016180038453
3SU800BH86SH5LTF80MGZLZSNQUQUW,0.17408351004123687
366FYU4PTGPE5MYY5VNEZH1G2VAKEH,0.1765406012535095
3MXX6RQ9EV5XOBYLTHG9MCBOJGRP4M,0.16308955252170562
3566S7OX5DJRQ6X2AD3QOSD072671F,0.3599658370018005
3QGTX7BCHP29YY4RUVXLI2JGTBTZ5M,0.20223278403282166
3O2Y2UIUCQU6B0YU067KHZMGEWPKFZ,0.2238339066505432
37Y5RYYI0P5LZ52N59M8ESDXZVYXSK,0.2333935856819153
388CL5C1RJN1927IGW7LZKB8JB7LH1,0.4034248381853104
3EN4YVUOUCSS02JXIFDUMRMA3DJJXQ,0.4127541780471802
3S8APUMBJXJ5IXU0UTURIW3QR3EBF6,0.4256887972354889
3QMELQS6Y5BWFBIEPXDDO5VHGPLR61,0.3150580137968063
3RKHNXPHGWWVUIVKVV2J3ZNJOK2KUY,0.23784154951572417
3TFJJUELSHP4R8AUKYBF9XFJ0JB2CK,0.2044467121362686
33QQ60S6ASITHSOGR2S1KF8AALZ0U9,0.20514323711395263
3OREP8RUT2BBWXQV5D090H32SHGGBA,0.21910865604877472
3XU9MCX6VOC8XAZD2V1AYSE50KE2RQ,0.3697393238544464
33KMQD9OFJE51SC4ZTKZP24DAOC77I,0.35057581067085264
3NI0WFPPI9G8FHYFVKUY49UU7ZM06C,0.3813923478126526
38VTL6WC4AD9T8UMY9V24VAENII5YW,0.16783156394958496
3HRWUH63QU2FH9Q8R7MRNFC7JYDN5N,0.16588784158229827
3NKW03WTLM7UXPIK301HH9KP856WQ0,0.20772071778774262
371DNNCG442WZ4EUM1F68YSQA53T8X,0.3376119136810303
335HHSX8CD5IBQJQ3F9XG733A33DHD,0.33770257234573364
3V0TR1NRVA2Q17SJ4YYCWHMTKVL4AH,0.34322951436042787
3NI0WFPPI9G8FHYFVKUY49UU7ZH60D,0.3236871361732483
3TKSOBLOHLGF5GIKPR8VZ6C5C4OBBO,0.31181610822677613
32TZXEA1OLKU7JFJ8F5JLGTQG1F41T,0.21089211702346802
3CO05SML7V5110WZN8XWF4LQ3NS0R4,0.3125698745250702
33BFF6QPI1B2QOCI5PPL41REYDT3W5,0.22908547520637512
3E9ZFLPWOYSW5RZR0XSUAQ7AQXWIXD,0.2833455175161362
3W0KKJIARR9XWLO7SS1E775URSCK8I,0.17700227200984955
3ZURAPD288N45ZC8SW12CKQH5QV1FJ,0.2916524827480316
3087LXLJ6MG4YARQWDX2YF770ZH0F9,0.29103519916534426
3GVPRXWRPHU2QCT0IKOWGRUMO4N7ID,0.31593437790870665
375VMB7D4JJI7LUA9XRIGJ4IAFKIDB,0.3113191246986389
3ZLW647WALVGE8EBR50EGUBPU7W23M,0.26210545301437377
31HLTCK4BLVQ5BO1AUR91TX9VAUGVG,0.2864714711904526
306W7JMRYYYW3IKDMFOL84M44Y8B8U,0.2609643429517746
3YO4AH2FPDK1PZHZAT8WAEBL70SQ0T,0.20558434426784516
3B6F54KMR2CD94HUYG11JJ9WUGOS1S,0.22556614875793457
35A1YQPVFEGN38FHUR9ZI7GQXYMI53,0.1942669689655304
37J05LC5AXJE2WEGRFCISKJINU9DJI,0.20673107504844665
3XBXDSS888JYVS7XL0P726Z271VLXZ,0.2835240662097931
3JUDR1D0D6R8L9KDPGCAT2404YC2QP,0.19733603596687316
38Z7YZ2SB32CWUYFEJX2GIBHTU9IQG,0.3420616865158081
37OPIVELUU3KDJGEJ5IVQ6VXPZ8HAF,0.3611205518245697
3ZFRE2BDQ9EI0HO101GGALA0MAYXZP,0.3056680977344513
374UMBUHN5PYB7473DVBAKO90WTTC8,0.236123788356781
3NC6WP7WJHKZHME6F90N9Y2BW6TWWA,0.23168199956417085
36KM3FWE3RCRJHCKEUZQANUQ2A070C,0.3635860800743103
3P888QFVX3UMSG9ICEA70F73538QOJ,0.35670381784439087
3CMV9YRYP31X08284WA6BXRNW3GLJB,0.3260913729667664
3CRWSLD91K4V71BQKL3QJ6NYV2GMOX,0.347930109500885
3RBI0I35XE36FT7IKQ79PYCU9LYY34,0.3724812626838684
3DWGDA5POF4T1WYYSB66U6T3TLC1V2,0.27554820477962494
33W1NHWFYHLBJ0FHVRFJLIPU9EFZTD,0.2568938881158829
3DTJ4WT8BDF9UHXK5WQOMWPT64SZEN,0.3933442533016205
33IXYHIZB5IJO6U8GPHAZLFMLVOE2P,0.38518067002296447
3HKIF5DF6YXS84BY7TMD9B8C4HD9GT,0.3980482280254364
3VMV5CHJZ8FBSJKC5ZRU0B9OYOGTGD,0.37154144048690796
3NRZ1LDP7W6DR8MAEA6ZG8OXKCMZP2,0.3739864468574524
3D06DR5225J65XHPA2Y8IB3T6LCAMM,0.3416594386100769
38B7Q9C28G5QBBMSVGDRXKVNA4869O,0.3145995676517487
3A520CCNWN08T9PCT4AP53YKXKEAES,0.32203314304351804
38EHZ67RIMS7FOUSW2QIEXEW4GPGM4,0.32220874428749086
3BA7SXOG1JQJJP12ICAB8JR8MKB8R4,0.33600918054580686
3HY86PZXPYICZLCCXLHWU25HTPA1EV,0.3494616746902466
3Q7TKIAPOTAKXM2GU0OV8ZWARJEDLK,0.3248079836368561
3XEDXEGFX3OFEWJ4XOOZESZC8U10KC,0.3187651395797729
304QEQWKZPKY4N4JVGGSL9GLSZF0O0,0.20096355378627778
31D0ZWOD0AZ92JAILXBAKEWG3IC0A2,0.410469251871109
39RRBHZ0AU1QWSJ60MFYM0DF6ZVZVT,0.524532812833786
3JYPJ2TAYI87MRVADYCSDG8F87TPF5,0.5316026270389557
35U0MRQMUJ7EXO5ZYD4H626BMVSOVG,0.5166309118270874
3ABAOCJ4R84YSDO6ZYVU8BIYA3YQM9,0.38542930483818055
3CVBMEMMXBG2UHIGC26BGFT7OS0H7O,0.4067410707473755
31SIZS5W59FPPT1Y46RBUAC8GQRRQS,0.21133152544498443
3K1H3NEY7LZ4BUOFJ9RFV7R2V2SGDH,0.23732288777828217
3GS542CVJVNUS7MEQX3M5EHNE9X597,0.2620203375816345
337F8MIIMZDU0UU1CW1J7BAGB8G04R,0.29001679420471194
3RBI0I35XE36FT7IKQ79PYCU9LTY3Z,0.4082403600215912
375VSR8FVW9Y3L2PR2AOL3OCLTIRZS,0.404425311088562
3WKGUBL7SZM7XQJN1PN25V24E6L4LY,0.32626368999481203
3KI0JD2ZU1IMXSYZGJF7JO4HFEK76D,0.297122585773468
3S4TINXCC0NZOA7TTWDH5QC4J3COBA,0.2451457917690277
3AC6MFV69KILEROMVXYU7ZM6YKKZH3,0.24753653407096862
3SBNLSTU6U542BJK91F4GE786SRZDU,0.370540577173233
3TLFH2L6Y9OLDPC56K65Y7FNO69T2U,0.42865068912506105
3WRAAIUSBJZHZ9GTO90HTSJRDPRAX1,0.23546184599399567
3VMHWJRYHVGCV0X1ZPM97TUIA61XF0,0.2220749944448471
3XBYQ44Z6P47P5ACK4VCMEVCSCBWTK,0.3869348049163818
3EFNPKWBMSO9IYBXCIW0X6IAX9C303,0.3647423148155212
3K8CQCU3KE19US5SN890DFPK3UPWNJ,0.45391403436660765
3SD15I2WD2U4W9XCE7CH67S1AB5369,0.23555352687835693
3KL228NDMVMCP0UPBQD2ZKMSFBUKG3,0.2692922532558441
3L1EFR8WWT5MU4F3W9GVRQ8032JF96,0.3384260952472687
3LAZVA75NIR50X7XA3K64X90PXU2OH,0.4295597612857819
38F60IALAGHEHF9RRX2RFJM8R7X0TN,0.39493019580841066
39I4RL8QGJH5BU0XA484D39XXPHH49,0.4162427544593811
3F6045TU7DODTUOQTNG3HUMP04O998,0.30583822429180146
3WKGUBL7SZM7XQJN1PN25V24E6R4L4,0.345980578660965
3B9XR6P1WEVLNZGWDJLCXUVIK92JBM,0.3550361394882202
39N6W9XWRDN795J6F5ET8S13DQ3GYU,0.36371458172798155
3J06WJ78HNK9N8EWZPQV1U0JIOPVVP,0.3478301465511322
3ZQX1VYFTD5GMC9MQKT7EOM3BYK8OQ,0.3324762642383575
391FPZIE4CM4SSUCPAZMQ77RW3YHUR,0.30205273628234863
3TUOHPJXYHXE6MJWPEW9BHGI58UXWZ,0.36798606514930726
3FJ2RVH25Z62TA3R8E1O77EBUYE299,0.35653017163276673
307FVKVSYRF8I5ULXVMSMQK3JMG74S,0.5017194509506225
39WICJI5ATS6KJHNGC9S35LWFF33Z1,0.4962053239345551
3VLL1PIENQOV68A9ZATKR8J7A7QZOL,0.5107991456985473
31S7M7DAGGQREBYDGQOAD3EWU52TLJ,0.5331397891044617
31HLTCK4BLVQ5BO1AUR91TX9V9WVGV,0.51572687625885
30UZJB2POHC8D5XY9O2CE1E1EGV53W,0.39732338190078736
32TMVRKDGNYCIJZ470EY0QGYU6M84G,0.4118142545223236
3T2HW4QDUV7FRSVT57QUJKNX6PRC9S,0.42751778960227965
36818Z1KV3D5JB9F4KTTMCUN6UR3AV,0.40580796003341674
34F34TZU7WZRZMG0UQS1W1SEQ3K2JY,0.41774348020553587
36GJS3V78VQHEGO7T5DQY5MF0MUJG3,0.6270635247230529
3UEBBGULPFOKEW36UKBMNMVEGOLFUR,0.5951083779335022
3D1UCPY6GG9R0NG07M9FQLOSG6R38R,0.5266625225543976
3M4KL7H8KVN8M6JXR3YYIED4CRR61K,0.502460527420044
3SU800BH86SH5LTF80MGZLZSNP1UQ5,0.40072447061538696
3OB6JN3A9QPY4E36CDKUD1S36PVMR1,0.3370951473712921
3INZSNUD80QPWK1753L53Q5FRQV9DJ,0.6314643621444702
33NOQL7T9OZSLGNTST4OUMT7V1P8ZS,0.6289727568626404
3LCXHSGDLT6CT5B6A4WGQ3SQJPNSE6,0.6294966459274292
359AP8GAGGKBD970QASA5OWRBZXC7A,0.36082518100738525
322ZSN9Z5GKVG3RSAYPTRMCL8JCT4V,0.3566718280315399
3ZURAPD288N45ZC8SW12CKQH5QPF1R,0.42166276574134826
3KTZHH2ONIFSM9OAD4EUMKXYGX7M8P,0.4293036639690399
3NOEP8XAU42OMDMVDSIEJN8MCBRPXW,0.41987943053245547
3OLZC0DJ8JF412UW0IRCM5APAMTVIS,0.38938701152801514
32L724R85LKRWIX0E6IDGDL7OYSIPU,0.5034797728061676
3H5TOKO3D9JPE5GGELH0GCK7OBW46Q,0.48288449048995974
3U74KRR67MLH2B1YS34PQVILZ07NTK,0.5323922455310821
3VJ4PFXFJ37PI5MYJ4PU9LKNJ88UAT,0.5202621340751648
3WJGKMRWVI9RUI8AHNVW5G6NXA6CD9,0.5098479211330413
3YZ7A3YHR5TCXMIDZ33DM9MD6WTS5A,0.5293303489685058
3J5XXLQDHMBPBZCDFFKPIZ80R4X3V1,0.5352856278419494
3AJA9FLWSCYF558603M84J73MS5FIO,0.6405951976776123
31JUPBOORN48GR6PDSDFM7I9GSI8LA,0.5211833417415619
3MG8450X2OAW59S08N7RZG9IITAPU4,0.6461854100227356
3T8DUCXY0N6WD9X4RTLK8UN1UCJ9T2,0.6552173614501953
3PMR2DOWOO1TV1G2927VO667SGL54B,0.6460234880447387
3MG8450X2OAW59S08N7RZG9IITFPU9,0.6659980177879333
3URJ6VVYUPNF3BMKEH3UXC6Y9BVO44,0.6423937320709229
3IKDQS3DQE082TOW91W7WDM0PG6ICB,0.46663872003555296
33NKDW9FFXI5SODR8NW8ZN9FDSHXCV,0.5349285840988159
3PKVGQTFIHKYYVSKVG857WFAFZ9RYW,0.5355948805809021
3G3AJKPCXLSRXPQMK4CSZ340NLUY4P,0.5390976667404175
3EAWOID6MTXTU7DGWS26G1ATOSD0V3,0.4957690894603729
3ZVPAMTJWN3YC47K1AMZ0W86A3OGRS,0.5387611329555512
3OJX0UFJ0Z7BDMCTRYBUDQ93DQQU9E,0.5793073058128357
3WJGKMRWVI9RUI8AHNVW5G6NXA0DC4,0.6091078400611878
3W1K7D6QSBHBNEL0V5OYLOJ837ABZU,0.5364949345588684
307L9TDWJYSC3U34DOYY8IEN51V3NK,0.597987973690033
3CMIQF80GNQW3A3ECIODJFLCK3E6QA,0.6143987655639649
38G0E1M85M59ATPWUZGQ58Y04HGUVZ,0.4833004117012024
3XUSYT70IT170QDU572CAF4MOL90D4,0.627641785144806
3X2LT8FDHWIORLIOH6KHVIZPE138WO,0.15490463078022004
3QX22DUVOOHQXLKNLXP4EYH6RZBVME,0.19114128947257997
3NBFJK3IOHIVFRF49I5V6131ZH1GOI,0.176748788356781
3LN50BUKPVBTMJ56Z9FQ8TDZ56KLPH,0.18463500142097472
3CZH926SICETRK9VK30YS0CK5AME4P,0.18812651336193084
3AFT28WXLF29BILZZ65YRDGHEV9OI0,0.18533801436424255
3MXX6RQ9EV5XOBYLTHG9MCBOJHNP4K,0.20016281604766845
3VW0145YLYCH6QKT48BLBA6CWALMJX,0.18873943090438844
337F8MIIMZDU0UU1CW1J7BAGB9C04P,0.16899420619010924
3XABXM4AJ15J7OM25XLB3TH3QZ68Q2,0.1883266806602478
3ATYLI1PRT256T55HOQY3EVHRA0JO9,0.1942745178937912
3SNR5F7R92TNZR8A5S22M1M3ASMEI3,0.1944175660610199
38LRF35D5LWPYKNDAPAKMD6HD1M3UI,0.19109986424446107
3XJOUITW8UR258EQ8VW6UPDQ4D7QTR,0.19308810830116271
3XEIP58NL0NN0N7CMIDSZRFDF2PZL8,0.1966496080160141
3VGZ74AYTGGU62I1JDW4B19KA41CG2,0.22668118476867677
3X878VYTIEIIGLRAHCIBDUHU8DQF7R,0.18500072956085206
3L55D8AUFAXUST31DJIAI1GOFZ8CYF,0.20123931169509887
3XH7ZM9YX2UJXUKCN4GP8FMJ6RPR9A,0.18722991347312928
38F60IALAGHEHF9RRX2RFJM8RBUT0L,0.2563839465379715
3HXCEECSQMT70MEB5X2ITZH9OHTYZZ,0.2622287005186081
3HFWPF5AK9J9J7V9LKFK7COTS413S2,0.17309188544750215
3ATYLI1PRT256T55HOQY3EVHRCJOJ1,0.1754273384809494
38RHULDV9YFHGRU1QSW887T3HX8IW6,0.18191904723644256
3BFF0DJK8XCEIOT30ZLBPPSRM0BTS0,0.17692858278751372
3G5RUKN2EC3YIWSKUXZ8ZVH95VK9NQ,0.17575058043003083
3D1UCPY6GG9R0NG07M9FQLOSG7S83Z,0.176585790514946
388FBO7JZRTDJX0S29ROYCA0E42YN1,0.15848126113414765
3AQN9REUTFG4XL9FDFDL27Y60ZJYD0,0.16048707962036132
3VDVA3ILIDFAJZ833G7KU5QT67A1G1,0.16518517434597016
3LEG2HW4UFNBUKU4B01GH30MXYLF2U,0.16649617552757262
378G7J1SJLY50MSFU96HNSVBP44EWW,0.1952185869216919
3OKP4QVBP2X6DNL3ZZ0D56JWA1DAGV,0.19271398484706878
3NZ1E5QA6Z1DG01BOHHIWKCD2945BL,0.189560204744339
3UAU495MIISEK9GZTNUCAG4S8QVUOD,0.19899913668632507
3DA79LNS59VAY78OAKKAHHKFUNF3TR,0.20408350825309754
3OQQD2WO8I6KPTSDG8L63AI6J4GI32,0.17645673155784608
3RWSQDNYL9MVVE6GZVGN1MUB62QFFE,0.17487020790576935
3VIVIU06FKCLBF0NMQQLZ9RCJVUIMF,0.16690778732299805
3CVBMEMMXBG2UHIGC26BGFT7OS3H7R,0.15844812393188476
3SX4X51T809U5021NIDLAFSY1N4AOI,0.18419128358364106
3RSBJ6YZECQP1RJ9YYZDOG3PY3HFO0,0.1862211912870407
3JUDR1D0D6R8L9KDPGCAT24040X2QE,0.17964207231998444
363A7XIFV4MPVKBYOUZZ57M6XFLAV2,0.17711175084114075
3SSN80MU8CONBMPF00D6N6MNI33KXC,0.17920479774475098
3VMHWJRYHVGCV0X1ZPM97TUIA65XF4,0.20440443456172944
3B6F54KMR2CD94HUYG11JJ9WUHKS1Q,0.17321580052375793
3FW4EL5A3LORTQISN5M9XK6XOT022F,0.19789083898067475
3RDTX9JRTY19FB0XEQIJ3YVJ5FW97U,0.27174426019191744
3X52SWXE0X5Q3O81YI0MX4V84R8CWG,0.2798932731151581
3K2CEDRACB1BKTGYG2PPDGTLUCCMT2,0.3097454309463501
3GMLHYZ0LEXQENK1ZA3AC72UMZEUY6,0.3030726194381714
3J94SKDEKIP6VXZV2D8ORA0D5VW5DA,0.2854947030544281
3MZ3TAMYTLNC8VDFRYM2L8LMPHCRIT,0.19268798232078552
33NKDW9FFXI5SODR8NW8ZN9FDUUCXR,0.20537063479423523
3MVY4USGB6NO9ADS6NM7BIQIBKCSI1,0.24153532087802887
3A3KKYU7P3H3CAKSB7U0000KY5BWMH,0.2500619262456894
3O71U79SRBPA5T3JR2KZ3BXZSTWSMH,0.22759363055229187
3B9J25CZ25DXW7RSEDQL0FSNYFVCSM,0.2427184909582138
3W3RSPVVGSR6EOD2GVEKIZ0YDKBLU6,0.1964329421520233
36818Z1KV3D5JB9F4KTTMCUN6VS3AY,0.22193828821182252
3WGCNLZJKF877FYC1Q6COKNWTFRD10,0.20815776586532592
3L1EFR8WWT5MU4F3W9GVRQ8034W9FH,0.20205492079257964
3M7OI89LVYOS99TV70NIZAWVGQW6CS,0.1824664831161499
3MWOYZD5WVO1PJWQWMIQWLCY0TMONX,0.17204374969005584
37M4O367VJI9ZR58F67RA0N7E885MA,0.26199964582920077
3W31J70BASWZ8OEK94HJ9T1DHLICK5,0.20373415648937226
3UY4PIS8QRLGTRPPQKKFKPZQ7JU1N7,0.20205923020839692
3NQUW096N688UWPZIKJTM3DK00K9LO,0.2785603404045105
386659BNTLHD8VXIPEIH9D3DZQJ10W,0.1693333327770233
3QD8LUVX4XYKT34CTD90LH35LCRX5L,0.1457761198282242
38F60IALAGHEHF9RRX2RFJM8R8ST0D,0.15300331115722657
3GV1I4SEO9PLCDN1KDGH2TMIAZA6L8,0.19258645176887512
3FVBZG9CLJEOC6IWR3L210JKGEY0HB,0.18914123773574829
3HXK2V1N4KFH8KQZMK7YZO0YYC5G2C,0.18199692964553832
3MDWE879UH2WHN3NR7UZ80HFO669B1,0.19653403759002686
3J9L0X0VDFMO5Q1YMYQVVEU0Y64W9I,0.20073102414608002
3WGZLY9VCHMPIFIX0BFR3UA47KHD82,0.24313453137874602
3909MD9T2ZH3P06K4KWHJ49BU1BFEW,0.18306462466716766
3CESM1J3EI31N7Z0ORNJB43Y86E6W1,0.17702158391475678
32K26U12DNONTREA84Q1V8UCIJYVD7,0.18621680736541749
324N5FAHSXBV7XKK0LCOZLP22SVKV9,0.16235255897045137
3OWZNK3RYLP0D2RU6PWF331P7L0U28,0.16320581436157228
3N7PQ0KLI5P89OQRKPVFIVKERAQE34,0.21277192533016204
382GHPVPHSRQHMTYVJJ2998NEMF439,0.2916893720626831
3909MD9T2ZH3P06K4KWHJ49BU1BEFV,0.2949169725179672
30P8I9JKOILSPEZHTY8IXW6K522V51,0.30426388680934907
3MG8450X2OAW59S08N7RZG9IIUBPU7,0.18630641400814058
344M16OZKIFFDSJ128FUR9IKWRGENJ,0.17683600783348083
39N6W9XWRDN795J6F5ET8S13DSIYGV,0.1814103454351425
39WICJI5ATS6KJHNGC9S35LWFGZ3ZZ,0.2103549063205719
3EN4YVUOUCSS02JXIFDUMRMA3DMXJ7,0.2091483473777771
3FO95NVK5C0129GBWAGGPAR9YGVSR5,0.23133260309696196
3NZ1E5QA6Z1DG01BOHHIWKCD2AKB59,0.1962609499692917
306996CF6WKESI0SNUF6TUZWQUFB1R,0.22276003658771515
31KPKEKW4ADELTFARBB6FPGML29B0O,0.24183011054992676
3SMIWMMK615MPIP1K9LMRAHEBREUW7,0.20355507135391235
38VTL6WC4AD9T8UMY9V24VAENILY5S,0.2074350357055664
3FULMHZ7OUXR381811OH58HTEDW4MP,0.21308833360671997
32TMVRKDGNYCIJZ470EY0QGYU84842,0.23429724276065828
3IKDQS3DQE082TOW91W7WDM0PGAICF,0.21519818305969238
3MQKOF1EE2O08GEFYEVXHADQPS2WDK,0.17872590720653533
3Q2T3FD0ON86LCI41NJYV3PN0CH3MI,0.2050888419151306
3087LXLJ6MG4YARQWDX2YF77001F0A,0.23883505761623383
3UUSLRKAUL3LI1DEQ6NLPUE9W1RD7X,0.240755158662796
338431Z1FLFM4HOIPTZ755H81RUOR6,0.2246586948633194
30EMX9PEVKJFF53G6Q7JOY5V3O1KS4,0.34935384094715116
3NC6WP7WJHKZHME6F90N9Y2BW7PWW8,0.20782362222671508
3RTFSSG7T86J6S27BVTL0NLVY14WL0,0.2900360584259033
3AXFSPQOYQYB0GSCIL78GKM3Z8RJF3,0.19097873270511628
3MD8CKRQZZN836XL9G72X90M2W1RJ5,0.21617950797080993
3J9UN9O9J3SK3CDMF3ONDDZZT62J0Z,0.19035705327987673
341H3G5YF0EA3RIQXPR917NPC4EZ0Z,0.29216655492782595
3KWGG5KP6J2UYCENUGUZO6TH6QDCMA,0.28956917524337766
3VJ4PFXFJ37PI5MYJ4PU9LKNJ8BUAW,0.286090025305748
3O71U79SRBPA5T3JR2KZ3BXZSTWMSB,0.27959534525871277
311HQEI8RSGOL2IAIOCIGMXCKJ1Z7I,0.3002372354269028
388FBO7JZRTDJX0S29ROYCA0E42NYQ,0.21576243340969087
38EHZ67RIMS7FOUSW2QIEXEW4HMGM3,0.21662428379058837
38XPGNCKHT0ATVVHFTP8S40655P4VL,0.23114958703517913
3IWA71V4TIGGC74QYWJ5DNH5H8K6XU,0.21096429824829102
3QE4DGPGBRBRBY5MQYQMS3XWIRHG4Q,0.24407055974006653
3ULIZ0H1VA5C32JJMKOTQ8Z4GXD512,0.24385320842266084
3X0EMNLXEPPWIOH0DDHWV2B1W23VPN,0.19058123528957366
30IRMPJWDZJ3EQ33R17EYO0ZHL1KRX,0.19586069285869598
3CESM1J3EI31N7Z0ORNJB43Y85WW67,0.21459516882896423
3V7ICJJAZAGVKHXBACY8RS6Z2EPB44,0.28538355231285095
3KWGG5KP6J2UYCENUGUZO6TH6QCMCJ,0.2094796121120453
3HXCEECSQMT70MEB5X2ITZH9OICZYL,0.35808828473091125
3BDORL6HKKDLVSRFZOQGA5NRCCTCRD,0.19775306284427643
34XASH8KLQMDS1NRZLG586SO59PPMY,0.17805121541023256
3IVKZBIBJ09ODF28054MB6P3B7XHSX,0.1863509953022003
3J6BHNX0U9SIZSBBYUQXP4VPGOCNKC,0.2002403885126114
3U74KRR67MLH2B1YS34PQVILZ14NTJ,0.1753422200679779
33EEIIWHK77HI0IFDQWLV71B1YNVQC,0.18280941247940063
3CMV9YRYP31X08284WA6BXRNW5TLJS,0.1803712487220764
3XEDXEGFX3OFEWJ4XOOZESZC8WIK0H,0.18306015729904174
3RQVKZ7ZRKJYFRFYTH34TBN5ZA572L,0.16717690229415894
3ZVPAMTJWN3YC47K1AMZ0W86A4LGRR,0.17137190103530883
3RIHDBQ1NEYLFKP3G880ZXQXJIFMHQ,0.16412164270877838
3IWA71V4TIGGC74QYWJ5DNH5H72X61,0.27056939005851743
3G5RUKN2EC3YIWSKUXZ8ZVH95VH9NN,0.2987919270992279
38VTL6WC4AD9T8UMY9V24VAENJ25YI,0.2850596189498901
3126F2F5F83FGDVEINSMVYNFW7YPE9,0.28685524463653567
3LN50BUKPVBTMJ56Z9FQ8TDZ54ZLPS,0.19798449277877808
3KI0JD2ZU1IMXSYZGJF7JO4HFEO76H,0.35188308358192444
3WJGKMRWVI9RUI8AHNVW5G6NXB2DC8,0.3582545518875122
3P520RYKCH6SCZAHO8YD1A41RUAU5Q,0.33411304354667665
34YWR3PJ28ALYWIBW73O4M7E44H0X4,0.3327078580856323
3GS542CVJVNUS7MEQX3M5EHNEAK59W,0.3323187530040741
3GS542CVJVNUS7MEQX3M5EHNE9159B,0.29721679985523225
30F94FBDNRKF12C1PDZGZ0IRID7BT1,0.20333605706691743
3D1TUISJWI04ON5WVSH7QJ86WHZUIL,0.2592692017555237
3G3AJKPCXLSRXPQMK4CSZ340NMQY4N,0.30054143667221067
31KSVEGZ34SU9QXKGFQHMZUU4TRWRO,0.27005248367786405
322ZSN9Z5GKVG3RSAYPTRMCL8LP4TN,0.26794351935386657
3TZ0XG8CBUKDFP5GOVAPHYREGZ289G,0.2804786741733551
34KYK9TV2R8EM2ZM0DUQPVM5GUUSBU,0.33400281667709353
39HYCOOPKOL434K1UCPA8CBZRP6DMQ,0.2930812895298004
3E22YV8GG16JAJ8RBMV5LLHOAYIPNF,0.2745178997516632
36JW4WBR06KF9AXMUL4N476OMGMHFV,0.281275475025177
367O8HRHKG8U13EDLYK3HHGZ61US43,0.26789277493953706
37OPIVELUU3KDJGEJ5IVQ6VXP09HAI,0.26120254397392273
3K3G488TR280K6307ZE8R97CO955QX,0.2567122519016266
3SA4EMRVJV2GPNGKAGT7A9LB26QP0P,0.27166284918785094
3PR3LXCWSFZ3UQ6OW3MHXX8779TX9X,0.20989566147327424
3LB1BGHFL2WBEA5CZ5D07BGS3MOTYX,0.2019858330488205
3O0M2G5VC62CWOIECSKC0MB9EEP49Q,0.18245788514614106
3YKP7CX6G2FS34FUCAWFU4Q9TFZB76,0.19429278373718264
3UUIU9GZC55DCMVSO383WEIZ8HK5TT,0.2589092254638672
37AQKJ12TXOFXO6IPZQ1ZUODOK8TTA,0.21966750919818878
3NSM4HLQNRUPDSMYRR2BPK23K8TQQ2,0.27032306492328645
3J5XXLQDHMBPBZCDFFKPIZ80R8V3V7,0.2689606636762619
382GHPVPHSRQHMTYVJJ2998NEMD437,0.26372608840465545
385MDVINFCFDB2E78AH8K883UBGJW0,0.2535746097564697
3TKXBROM5TAVA7U2JTDTJHZVF11JIE,0.2532758265733719
3XEDXEGFX3OFEWJ4XOOZESZC8WI0KX,0.237642702460289
37NXA7GVST66R322LLOPEL2HRRJVL4,0.286787748336792
36KM3FWE3RCRJHCKEUZQANUQ2B2079,0.3127096891403198
3R15W654VDTEMV6LZMUF8Y39AZ5LQ1,0.18138975501060486
3PIOQ99R7YMW2OGNS8UZVR4NIFBNUA,0.2745630949735641
3IKMEYR0LWVMA6MICBSDXGSR5U2K21,0.28714047074317933
3XQ4XW3OD9CKYPZQHK1FO2J1MNZ2SI,0.2989176958799362
3HFWPF5AK9J9J7V9LKFK7COTS1Z3SU,0.2987435907125473
3LOJFQ4BOXF9DGKY90CUTZJV2LRKDA,0.28059044778347014
3A520CCNWN08T9PCT4AP53YKXLYEAI,0.23269281089305877
3NOEP8XAU42OMDMVDSIEJN8MCD9PXI,0.2724440425634384
3INZSNUD80QPWK1753L53Q5FRRFD99,0.25941109359264375
3MD8CKRQZZN836XL9G72X90M2XKJRI,0.2501403152942657
3EHVO81VN5LOJV3ENMP2F52UL641HF,0.270461842417717
33P2GD6NRNSQPWP0VWVKKKYTUDKKHJ,0.2559930980205536
3W5PY7V3UP7H0797NBZW55TJ5KZJYK,0.2535508990287781
3CKVGCS3PG5D2FWC2XX15EQMPQXS08,0.2163304477930069
3VMV5CHJZ8FBSJKC5ZRU0B9OYPHTGG,0.1788002520799637
3E6L1VR4XWMZCLD5Y2DJ7GHYD26F6S,0.3435889184474945
3BCRDCM0ODUAS75JZD4GNT93LZ4K6I,0.3751896917819977
34R0BODSP1ZBN3DVY8J8XSIY56HE5U,0.25660791993141174
3NC6WP7WJHKZHME6F90N9Y2BW88WWT,0.30825923681259154
32TMVRKDGNYCIJZ470EY0QGYU8548Z,0.2971572607755661
3INZSNUD80QPWK1753L53Q5FRQZD9R,0.282334566116333
3MYASTQBG7BVOJITM5WRPLV41RJQD8,0.3255719542503357
3ZQA3IO31BRYBCP1RZKSZEZVXSIO1Q,0.23560983538627625
3FDWKV9VCN2QK6VNG7FZICFNDP0UMG,0.2325207620859146
31S7M7DAGGQREBYDGQOAD3EWU7KLTX,0.42428346276283263
33TGB4G0LPHME5F2U9RYOX9J1FDXTC,0.2350717931985855
3R868ACW4SC7EVTBBRGCMZA5JMMZGN,0.215976083278656
3BJKPTD2QCC2H9TQLAL6ZFNV0Z9RTT,0.19599851071834565
324N5FAHSXBV7XKK0LCOZLP22SVVKK,0.2548807442188263
334ZEL5JX6FY5WOV4IZCVFM4NTBOSS,0.257795912027359
3EKTG13IZU3N1G8T7TNYRPJ40Y8LME,0.2743414968252182
359AP8GAGGKBD970QASA5OWRB0ZC7E,0.18259104788303376
30EV7DWJTVV5CCU03S57W1OEJEE6Y0,0.2021360754966736
35F6NGNVM8JSZQ9BCWN0UYWVZNFT7W,0.2159511625766754
3DWNFENNE3V120VNY4BPPGPCAIIJ4F,0.21683845520019532
3DTJ4WT8BDF9UHXK5WQOMWPT668EZM,0.2822883576154709
3BA7SXOG1JQJJP12ICAB8JR8ML7R8L,0.2633610934019089
3FULMHZ7OUXR381811OH58HTEDVM46,0.28736611008644103
335VBRURDJ0UOQF71YWP98N0R20E9L,0.3025615274906158
3FULMHZ7OUXR381811OH58HTEDT4MM,0.2657423496246338
3V7ICJJAZAGVKHXBACY8RS6Z2D9B4M,0.2510281652212143
3E24UO25QZQTIYQYX5W9UAQC54EO66,0.22513448297977448
36KM3FWE3RCRJHCKEUZQANUQ2B170F,0.31710670590400697
3IVKZBIBJ09ODF28054MB6P3B7ZSHA,0.3078776240348816
3OND0WXMHWFN3WXQZAKHMPLOAGQHEY,0.22066360116004943
3D7VY91L65XBO7MHGGY4DMNZO5CMBC,0.21070980429649352
3ZRKL6Z1E83ADJ7XGZM4Q6D2W64GSF,0.3399314880371094
3IHWR4LC7DD6QQYJSPG2URQHZQ5I8R,0.27005258202552795
3VMV5CHJZ8FBSJKC5ZRU0B9OYQYGTM,0.27735538482666017
3BDORL6HKKDLVSRFZOQGA5NRCCSRCR,0.2789489090442657
3VGET1QSZ0ZKR7D571SBHI3U3HZW7R,0.2663999289274216
34F34TZU7WZRZMG0UQS1W1SEQ52J21,0.28402175903320315
3IHWR4LC7DD6QQYJSPG2URQHZQ58IH,0.28258123993873596
33N1S8XHHMLAAG38T8V9FC6ZHX1Z1L,0.268189999461174
3WPCIUYH1A88GZAL39QMUQ6RLX2DTR,0.3026030272245407
3NKW03WTLM7UXPIK301HH9KP87PWQN,0.2023249715566635
3UUSLRKAUL3LI1DEQ6NLPUE9W0BD7F,0.32056806087493894
3NBFJK3IOHIVFRF49I5V6131ZIHOG8,0.31186929941177366
371DNNCG442WZ4EUM1F68YSQA7L8TY,0.3138396143913269
32FESTC2NHQDBKJW3ILLFGABJCFUCJ,0.29932605624198916
3D4BBDG7ZHWTCQ6DOYPKS7KB6ZT3CI,0.30093386173248293
30U1YOGZGAW71ZX6E9LWKLA5JF4DSK,0.28452045619487765
33CLA8O0MIBSY4BPQQGHIB8U9Q3RFN,0.29633914232254027
3FDWKV9VCN2QK6VNG7FZICFNDQGUMY,0.27428642511367796
3B0MCRZMBRUJD4K4R18XPAMJAE2PPW,0.29386070370674133
3HY86PZXPYICZLCCXLHWU25HTRSE1U,0.2919349670410156
3W1K7D6QSBHBNEL0V5OYLOJ838CBZY,0.27889515161514283
3RSBJ6YZECQP1RJ9YYZDOG3PY21OFR,0.371526712179184
33KMQD9OFJE51SC4ZTKZP24DAQR771,0.28069636821746824
3OPLMF3EU5NTJYTTJU2Y44845OHNLF,0.2565895736217499
3D5G8J4N5A4UAGA7UUQG0CCYL5MVTQ,0.37856974005699157
37YYO3NWHDQHPQ2WHR0LLAO5CC7CCQ,0.32791510224342346
3PUV2Q8SV448KDG43NZ1UW05FQ2DB1,0.3704663336277008
344M16OZKIFFDSJ128FUR9IKWSXNEB,0.3747621476650238
31ANT7FQN82N7D4XO9REIVFBXNS5HM,0.3721465766429901
306996CF6WKESI0SNUF6TUZWQUG1BI,0.2159953385591507
3L21G7IH47WA5QT3XMTQ15XXB301YZ,0.22247128784656525
3ATYLI1PRT256T55HOQY3EVHRA0OJE,0.35953553915023806
3ZC62PVYDHATVMOMZJSVD0UPEB1XXV,0.2596516191959381
3UOMW19E6D6WQ5TH2HDD74IVKVLC5I,0.33874173164367677
3O71U79SRBPA5T3JR2KZ3BXZSSFMSS,0.2655144363641739
3ULIZ0H1VA5C32JJMKOTQ8Z4GYW51N,0.29783657789230344
3HKIF5DF6YXS84BY7TMD9B8C4IFG94,0.3033198773860931
3X2YVV51PU46GLY3ILB2G8CH0V01W0,0.3066134572029114
37ZQELHEQ0YDPGBEJ63D4HNT5UONM0,0.27012256979942323
3VGZ74AYTGGU62I1JDW4B19KA4YGC3,0.30544945895671843
3D0LPO3EABZV1I043OR1D1A54E7YOG,0.30962611436843873
3VEI3XUCZRX4PH0J4TCMU5MYBWOPRM,0.3224551737308502
32CAVSKPCEPTOH9YNLW1YKRKFE5U18,0.2832909196615219
32L724R85LKRWIX0E6IDGDL7O07PIK,0.2682079702615738
39KV3A5D187RKQWWNWIAKT09X41S76,0.21486427783966064
3OJX0UFJ0Z7BDMCTRYBUDQ93DQTU9H,0.3123783767223358
3H5TOKO3D9JPE5GGELH0GCK7OCY46U,0.2717301517724991
3R5LWXWHR08I90TWA9SRPEUUBL6GXN,0.347533255815506
3ZVPAMTJWN3YC47K1AMZ0W86A51GR9,0.3601880967617035
3UOMW19E6D6WQ5TH2HDD74IVKVNC5K,0.2952613949775696
3VMV5CHJZ8FBSJKC5ZRU0B9OYQYTGZ,0.18707020878791808
3UEBBGULPFOKEW36UKBMNMVEGP7UFU,0.30847951471805574
33EEIIWHK77HI0IFDQWLV71B1YNQV7,0.2671156287193298
3S8APUMBJXJ5IXU0UTURIW3QR4YBFS,0.2695894956588745
3XBXDSS888JYVS7XL0P726Z272RXL9,0.2813746929168701
3N5YJ55YXG3CNF2PM3D8VQSTBDZAN3,0.2446865528821945
3JMQI2OLFZ5ALM516D4ALR0ZWFGDNQ,0.22073767185211182
3S829FDFT21FXGJ58JRJJTRXYU6DXS,0.3849059998989105
3RWB1RTQDJNY7CLN5K6M3ORTL408PT,0.21780433654785156
3VW0145YLYCH6QKT48BLBA6CWALJMU,0.2343090832233429
3YGE63DIN8X69WDLM27223T7V5D0WJ,0.3569320201873779
3XD2A6FGFNUVY9KP2TGUYPRFST8S9Z,0.39926707148551943
3VDVA3ILIDFAJZ833G7KU5QT6781GZ,0.25539047420024874
3HYV4299H0WUALWXW6QB9CSP7XY8E8,0.2519010305404663
3Y3N5A7N4G971FFSQ8COLXL09ESYM1,0.32081897258758546
3RKHNXPHGWWVUIVKVV2J3ZNJOLMKUK,0.26297345459461213
3ZG552ORAM40QHGUBF6KZP38LRSV2F,0.2651692569255829
3LAZVA75NIR50X7XA3K64X90PZCO2P,0.3641178965568542
3BS6ERDL9372E1Z97WITJGED1PR6D9,0.29001798033714293
3ROUCZ907FUJ74W2X1I3BAC3Q4AOOX,0.24661272764205933
3GL25Y6843UI1APILCQM2JER77HXMB,0.25153911411762236
3OWZNK3RYLP0D2RU6PWF331P7KJU2P,0.37899187207221985
3W3RSPVVGSR6EOD2GVEKIZ0YDLRLUO,0.3000949561595917
3ZRKL6Z1E83ADJ7XGZM4Q6D2W63SGQ,0.39185696840286255
3LAZVA75NIR50X7XA3K64X90PYWO27,0.3942106723785401
3ZUE82NE0A1MGZWTRHAHRUDPJXWF8E,0.3876033365726471
3XQ4XW3OD9CKYPZQHK1FO2J1MOHS2S,0.3498707413673401
3H4IKZHALBIJ7YWEV7IDHWCTAKYNN0,0.37643136382102965
3QMELQS6Y5BWFBIEPXDDO5VHGR16R0,0.3220812499523163
3DA79LNS59VAY78OAKKAHHKFUKD3TJ,0.35109676122665406
3RQVKZ7ZRKJYFRFYTH34TBN5Z9M27V,0.3078709363937378
3ZTE0JGGCESIYFZZ7W9CGAIM1QSCOP,0.3700206518173218
32L724R85LKRWIX0E6IDGDL7O05PII,0.3870925784111023
3YCT0L9OMM9GNBOJ33ZZGQMZXJ6NSC,0.30512393116950987
3DWNFENNE3V120VNY4BPPGPCAII4J0,0.36744690537452696
371QPA24C2OEO4U9NG6RTO5IW0Z1TP,0.36399219632148744
3P888QFVX3UMSG9ICEA70F73549OQK,0.33256490230560304
3W0KKJIARR9XWLO7SS1E775URUU8KS,0.38216506838798525
3O4VWC1GEW6GK4CJYQ66FBX6WJ2J3C,0.3631910264492035
3TLFH2L6Y9OLDPC56K65Y7FNO7W2TS,0.2925368994474411
3R6RZGK0XFCQR29140DF8T4D074YVI,0.2652456104755402
3D4BBDG7ZHWTCQ6DOYPKS7KB6ZWC3U,0.38466989398002627
34R0BODSP1ZBN3DVY8J8XSIY57XE5C,0.5601341247558593
3MNJFORX8B43THDRTJ3EFA3YH8CF5V,0.3328741729259491
36AZSFEYZ40UEUGQU8ZV0I6CFYNBVH,0.3232835650444031
378G7J1SJLY50MSFU96HNSVBP3KWES,0.44707528352737425
39AYGO6AFFKB0DQMWQWWFLQ7FTSN67,0.38459156155586244
3TTPFEFXCTKJQH4BTS1JA1TBTHK6HI,0.383321475982666
36JW4WBR06KF9AXMUL4N476OMH3HFE,0.47638367414474486
3SA4EMRVJV2GPNGKAGT7A9LB257P04,0.478142124414444
3TUOHPJXYHXE6MJWPEW9BHGI59VXW2,0.46433101296424867
3OREP8RUT2BBWXQV5D090H32SIIGBE,0.31320951581001283
3126F2F5F83FGDVEINSMVYNFW70PEB,0.40471999645233153
3K8CQCU3KE19US5SN890DFPK3W4WN2,0.5546926140785218
3UOMW19E6D6WQ5TH2HDD74IVKVN5CD,0.4618048071861267
36JW4WBR06KF9AXMUL4N476OMH3FHC,0.29442169070243834
3SZYX62S5G0QEOYLB052RIQHJKT57H,0.3970887064933777
3MXX6RQ9EV5XOBYLTHG9MCBOJI4P43,0.5341841518878937
36818Z1KV3D5JB9F4KTTMCUN6W83AG,0.5193155646324158
3BAWBGQGYLZ7CID0HRNFVGKGW8VV7E,0.5419370949268341
3UAU495MIISEK9GZTNUCAG4S8PFOUP,0.45746223330497743
363A7XIFV4MPVKBYOUZZ57M6XFKVAM,0.43770225048065187
33EEIIWHK77HI0IFDQWLV71B108QVW,0.41285946369171145
3QE4DGPGBRBRBY5MQYQMS3XWIRH4GE,0.30688442587852477
33BFF6QPI1B2QOCI5PPL41REYFC3WS,0.35940929055213927
3MIVREZQVHY32PO3EMIETYQUL0GKQF,0.34984063506126406
3CVBMEMMXBG2UHIGC26BGFT7OTMH7C,0.5133849680423737
3K3G488TR280K6307ZE8R97COALQ50,0.42612197399139407
31ODACBENUF1Q81BJVRGKKH42TCSQL,0.510106909275055
3W31J70BASWZ8OEK94HJ9T1DHLFKCA,0.41128873229026797
